TIME,CHAN1
0.0,-0.00625
2.5,0.30625
5.0,0.296875
7.5,0.30625
10.0,0.30625
12.5,0.296875
15.0,0.30625
17.5,0.296875
20.0,0.3
22.5,0.30625
25.0,0.309375
27.5,-0.003125
30.0,-0.003125
32.5,0.00625
35.0,-0.003125
37.5,0.00625
40.0,-0.003125
42.5,0.00625
45.0,0.003125
47.5,-0.00625
50.0,-0.00625
52.5,0.30625
55.0,0.296875
57.5,0.30625
60.0,0.296875
62.5,0.30625
65.0,0.30625
67.5,0.296875
70.0,0.3
72.5,0.30625
75.0,0.30625
77.5,-0.003125
80.0,0.00625
82.5,-0.003125
85.0,-0.003125
87.5,0.003125
90.0,-0.003125
92.5,0.00625
95.0,-0.003125
97.5,0.00625
100.0,-0.003125
102.5,0.30625
105.0,0.30625
107.5,0.296875
110.0,0.30625
112.5,0.296875
115.0,0.30625
117.5,0.296875
120.0,0.296875
122.5,0.309375
125.0,0.30625
127.5,-0.003125
130.0,0.00625
132.5,-0.003125
135.0,0.00625
137.5,-0.00625
140.0,-0.003125
142.5,0.00625
145.0,0.003125
147.5,-0.003125
150.0,-0.00625
152.5,0.30625
155.0,0.296875
157.5,0.30625
160.0,0.296875
162.5,0.309375
165.0,0.30625
167.5,0.296875
170.0,0.30625
172.5,0.296875
175.0,0.30625
177.5,-0.003125
180.0,-0.003125
182.5,0.00625
185.0,-0.003125
187.5,0.00625
190.0,-0.003125
192.5,0.00625
195.0,-0.003125
197.5,0.00625
200.0,-0.00625
202.5,0.303125
205.0,0.296875
207.5,0.30625
210.0,0.30625
212.5,0.296875
215.0,0.30625
217.5,0.296875
220.0,0.30625
222.5,0.296875
225.0,0.30625
227.5,-0.003125
230.0,-0.003125
232.5,0.00625
235.0,-0.003125
237.5,0.00625
240.0,0.003125
242.5,-0.00625
245.0,0.003125
247.5,-0.00625
250.0,-0.00625
252.5,0.30625
255.0,0.296875
257.5,0.30625
260.0,0.30625
262.5,0.296875
265.0,0.30625
267.5,0.296875
270.0,0.3
272.5,0.30625
275.0,0.30625
277.5,-0.003125
280.0,-0.003125
282.5,0.00625
285.0,0.00625
287.5,-0.00625
290.0,0.003125
292.5,-0.00625
295.0,0.003125
297.5,-0.00625
300.0,-0.00625
302.5,0.30625
305.0,0.296875
307.5,0.30625
310.0,0.30625
312.5,0.296875
315.0,0.3
317.5,0.30625
320.0,0.30625
322.5,0.296875
325.0,0.30625
327.5,-0.003125
330.0,-0.003125
332.5,0.00625
335.0,-0.00625
337.5,0.00625
340.0,-0.003125
342.5,0.00625
345.0,0.00625
347.5,-0.00625
350.0,-0.003125
352.5,0.30625
355.0,0.296875
357.5,0.30625
360.0,0.30625
362.5,0.296875
365.0,0.30625
367.5,0.296875
370.0,0.30625
372.5,0.296875
375.0,0.30625
377.5,-0.003125
380.0,0.00625
382.5,-0.00625
385.0,-0.003125
387.5,0.00625
390.0,-0.003125
392.5,0.003125
395.0,-0.003125
397.5,0.003125
400.0,-0.00625
402.5,0.303125
405.0,0.296875
407.5,0.30625
410.0,0.30625
412.5,0.296875
415.0,0.30625
417.5,0.296875
420.0,0.30625
422.5,0.296875
425.0,0.30625
427.5,-0.003125
430.0,0.00625
432.5,-0.003125
435.0,0.00625
437.5,-0.00625
440.0,-0.003125
442.5,0.003125
445.0,-0.00625
447.5,0.003125
450.0,-0.003125
452.5,0.30625
455.0,0.296875
457.5,0.30625
460.0,0.30625
462.5,0.296875
465.0,0.30625
467.5,0.296875
470.0,0.30625
472.5,0.296875
475.0,0.30625
477.5,-0.003125
480.0,0.00625
482.5,-0.003125
485.0,-0.003125
487.5,0.00625
490.0,-0.003125
492.5,0.003125
495.0,-0.003125
497.5,0.00625
500.0,-0.00625
502.5,0.30625
505.0,0.296875
507.5,0.30625
510.0,0.296875
512.5,0.30625
515.0,0.30625
517.5,0.296875
520.0,0.30625
522.5,0.296875
525.0,0.30625
527.5,-0.003125
530.0,-0.003125
532.5,0.00625
535.0,-0.003125
537.5,0.00625
540.0,0.003125
542.5,-0.00625
545.0,-0.003125
547.5,0.003125
550.0,-0.00625
552.5,0.30625
555.0,0.296875
557.5,0.30625
560.0,0.30625
562.5,0.296875
565.0,0.30625
567.5,0.296875
570.0,0.30625
572.5,0.296875
575.0,0.30625
577.5,-0.003125
580.0,-0.003125
582.5,0.00625
585.0,0.003125
587.5,-0.003125
590.0,-0.003125
592.5,0.00625
595.0,0.003125
597.5,-0.00625
600.0,-0.003125
602.5,0.30625
605.0,0.296875
607.5,0.30625
610.0,0.30625
612.5,0.296875
615.0,0.30625
617.5,0.296875
620.0,0.30625
622.5,0.296875
625.0,0.309375
627.5,-0.003125
630.0,0.00625
632.5,-0.003125
635.0,-0.003125
637.5,0.00625
640.0,-0.00625
642.5,0.00625
645.0,0.003125
647.5,-0.00625
650.0,-0.00625
652.5,0.30625
655.0,0.296875
657.5,0.30625
660.0,0.30625
662.5,0.296875
665.0,0.30625
667.5,0.296875
670.0,0.30625
672.5,0.296875
675.0,0.30625
677.5,-0.003125
680.0,-0.003125
682.5,0.00625
685.0,0.00625
687.5,-0.003125
690.0,-0.003125
692.5,0.00625
695.0,0.003125
697.5,-0.003125
700.0,-0.00625
702.5,0.30625
705.0,0.296875
707.5,0.30625
710.0,0.30625
712.5,0.296875
715.0,0.3
717.5,0.30625
720.0,0.30625
722.5,0.296875
725.0,0.30625
727.5,-0.003125
730.0,-0.003125
732.5,0.00625
735.0,-0.003125
737.5,0.00625
740.0,0.003125
742.5,-0.003125
745.0,-0.003125
747.5,0.00625
750.0,-0.003125
752.5,0.30625
755.0,0.30625
757.5,0.296875
760.0,0.30625
762.5,0.296875
765.0,0.30625
767.5,0.3
770.0,0.30625
772.5,0.296875
775.0,0.30625
777.5,-0.003125
780.0,0.00625
782.5,-0.003125
785.0,-0.003125
787.5,0.00625
790.0,-0.003125
792.5,0.003125
795.0,-0.003125
797.5,0.00625
800.0,-0.003125
802.5,0.30625
805.0,0.296875
807.5,0.30625
810.0,0.30625
812.5,0.296875
815.0,0.30625
817.5,0.296875
820.0,0.30625
822.5,0.296875
825.0,0.30625
827.5,-0.003125
830.0,-0.003125
832.5,0.00625
835.0,-0.003125
837.5,0.00625
840.0,0.003125
842.5,-0.00625
845.0,0.003125
847.5,-0.00625
850.0,-0.003125
852.5,0.30625
855.0,0.296875
857.5,0.30625
860.0,0.30625
862.5,0.296875
865.0,0.30625
867.5,0.296875
870.0,0.30625
872.5,0.296875
875.0,0.30625
877.5,-0.003125
880.0,0.00625
882.5,-0.003125
885.0,-0.003125
887.5,0.00625
890.0,0.003125
892.5,-0.00625
895.0,0.00625
897.5,-0.00625
900.0,-0.00625
902.5,0.303125
905.0,0.296875
907.5,0.30625
910.0,0.296875
912.5,0.30625
915.0,0.30625
917.5,0.296875
920.0,0.30625
922.5,0.296875
925.0,0.30625
927.5,0.0
930.0,0.00625
932.5,-0.003125
935.0,-0.003125
937.5,0.00625
940.0,-0.003125
942.5,0.003125
945.0,0.003125
947.5,-0.00625
950.0,-0.00625
952.5,0.303125
955.0,0.296875
957.5,0.30625
960.0,0.296875
962.5,0.30625
965.0,0.30625
967.5,0.296875
970.0,0.30625
972.5,0.296875
975.0,0.30625
977.5,-0.003125
980.0,-0.003125
982.5,0.00625
985.0,-0.003125
987.5,0.00625
990.0,-0.003125
992.5,0.00625
995.0,0.003125
997.5,-0.00625
1000.0,-0.003125
1002.5,0.303125
1005.0,0.296875
1007.5,0.30625
1010.0,0.296875
1012.5,0.30625
1015.0,0.30625
1017.5,0.296875
1020.0,0.296875
1022.5,0.30625
1025.0,0.30625
1027.5,-0.003125
1030.0,-0.003125
1032.5,0.00625
1035.0,-0.003125
1037.5,0.00625
1040.0,0.003125
1042.5,-0.00625
1045.0,0.003125
1047.5,-0.00625
1050.0,-0.00625
1052.5,0.30625
1055.0,0.296875
1057.5,0.30625
1060.0,0.296875
1062.5,0.30625
1065.0,0.30625
1067.5,0.296875
1070.0,0.30625
1072.5,0.296875
1075.0,0.30625
1077.5,-0.003125
1080.0,-0.003125
1082.5,0.00625
1085.0,-0.003125
1087.5,0.00625
1090.0,0.003125
1092.5,-0.00625
1095.0,-0.003125
1097.5,0.003125
1100.0,-0.00625
1102.5,0.303125
1105.0,0.296875
1107.5,0.30625
1110.0,0.296875
1112.5,0.30625
1115.0,0.30625
1117.5,0.296875
1120.0,0.30625
1122.5,0.296875
1125.0,0.30625
1127.5,-0.003125
1130.0,0.00625
1132.5,-0.003125
1135.0,-0.003125
1137.5,0.003125
1140.0,0.003125
1142.5,-0.00625
1145.0,0.00625
1147.5,-0.00625
1150.0,-0.003125
1152.5,0.303125
1155.0,0.296875
1157.5,0.30625
1160.0,0.296875
1162.5,0.30625
1165.0,0.30625
1167.5,0.296875
1170.0,0.30625
1172.5,0.296875
1175.0,0.30625
1177.5,-0.003125
1180.0,-0.003125
1182.5,0.00625
1185.0,-0.003125
1187.5,0.00625
1190.0,0.003125
1192.5,-0.00625
1195.0,0.003125
1197.5,-0.00625
1200.0,-0.00625
1202.5,0.303125
1205.0,0.296875
1207.5,0.30625
1210.0,0.30625
1212.5,0.296875
1215.0,0.296875
1217.5,0.30625
1220.0,0.30625
1222.5,0.296875
1225.0,0.30625
1227.5,-0.003125
1230.0,-0.003125
1232.5,0.00625
1235.0,0.003125
1237.5,-0.003125
1240.0,-0.003125
1242.5,0.003125
1245.0,0.003125
1247.5,-0.003125
1250.0,-0.00625
1252.5,0.30625
1255.0,0.296875
1257.5,0.30625
1260.0,0.296875
1262.5,0.309375
1265.0,0.30625
1267.5,0.296875
1270.0,0.3
1272.5,0.30625
1275.0,0.30625
1277.5,-0.003125
1280.0,-0.003125
1282.5,0.00625
1285.0,-0.003125
1287.5,0.00625
1290.0,0.003125
1292.5,-0.00625
1295.0,0.003125
1297.5,-0.003125
1300.0,-0.00625
1302.5,0.30625
1305.0,0.296875
1307.5,0.30625
1310.0,0.296875
1312.5,0.30625
1315.0,0.30625
1317.5,0.296875
1320.0,0.30625
1322.5,0.296875
1325.0,0.30625
1327.5,-0.003125
1330.0,-0.003125
1332.5,0.00625
1335.0,-0.003125
1337.5,0.00625
1340.0,-0.003125
1342.5,0.00625
1345.0,0.003125
1347.5,-0.00625
1350.0,-0.00625
1352.5,0.30625
1355.0,0.296875
1357.5,0.30625
1360.0,0.296875
1362.5,0.30625
1365.0,0.30625
1367.5,0.296875
1370.0,0.30625
1372.5,0.296875
1375.0,0.30625
1377.5,-0.003125
1380.0,0.00625
1382.5,-0.003125
1385.0,-0.003125
1387.5,0.00625
1390.0,-0.003125
1392.5,0.003125
1395.0,-0.003125
1397.5,0.003125
1400.0,-0.00625
1402.5,0.303125
1405.0,0.296875
1407.5,0.30625
1410.0,0.296875
1412.5,0.30625
1415.0,0.30625
1417.5,0.296875
1420.0,0.30625
1422.5,0.296875
1425.0,0.30625
1427.5,-0.003125
1430.0,0.00625
1432.5,-0.003125
1435.0,0.003125
1437.5,-0.003125
1440.0,-0.003125
1442.5,0.00625
1445.0,0.003125
1447.5,-0.00625
1450.0,-0.00625
1452.5,0.303125
1455.0,0.296875
1457.5,0.30625
1460.0,0.30625
1462.5,0.296875
1465.0,0.30625
1467.5,0.296875
1470.0,0.30625
1472.5,0.296875
1475.0,0.30625
1477.5,-0.003125
1480.0,-0.003125
1482.5,0.00625
1485.0,-0.003125
1487.5,0.00625
1490.0,-0.003125
1492.5,0.00625
1495.0,0.003125
1497.5,-0.00625
1500.0,-0.003125
1502.5,0.30625
1505.0,0.296875
1507.5,0.30625
1510.0,0.30625
1512.5,0.296875
1515.0,0.30625
1517.5,0.296875
1520.0,0.30625
1522.5,0.296875
1525.0,0.30625
1527.5,-0.003125
1530.0,-0.003125
1532.5,0.00625
1535.0,-0.003125
1537.5,0.00625
1540.0,0.003125
1542.5,-0.003125
1545.0,-0.003125
1547.5,0.003125
1550.0,-0.00625
1552.5,0.30625
1555.0,0.296875
1557.5,0.30625
1560.0,0.296875
1562.5,0.30625
1565.0,0.30625
1567.5,0.296875
1570.0,0.30625
1572.5,0.296875
1575.0,0.30625
1577.5,-0.003125
1580.0,0.00625
1582.5,-0.003125
1585.0,-0.00625
1587.5,0.00625
1590.0,-0.003125
1592.5,0.003125
1595.0,-0.00625
1597.5,0.00625
1600.0,-0.003125
1602.5,0.303125
1605.0,0.296875
1607.5,0.30625
1610.0,0.296875
1612.5,0.30625
1615.0,0.30625
1617.5,0.296875
1620.0,0.30625
1622.5,0.296875
1625.0,0.30625
1627.5,-0.003125
1630.0,-0.003125
1632.5,0.00625
1635.0,-0.003125
1637.5,0.00625
1640.0,-0.003125
1642.5,0.003125
1645.0,-0.003125
1647.5,0.00625
1650.0,-0.00625
1652.5,0.303125
1655.0,0.296875
1657.5,0.30625
1660.0,0.30625
1662.5,0.296875
1665.0,0.30625
1667.5,0.296875
1670.0,0.30625
1672.5,0.296875
1675.0,0.30625
1677.5,-0.003125
1680.0,-0.003125
1682.5,0.00625
1685.0,0.00625
1687.5,-0.003125
1690.0,0.00625
1692.5,-0.00625
1695.0,0.003125
1697.5,-0.003125
1700.0,-0.00625
1702.5,0.30625
1705.0,0.296875
1707.5,0.30625
1710.0,0.30625
1712.5,0.296875
1715.0,0.30625
1717.5,0.296875
1720.0,0.30625
1722.5,0.296875
1725.0,0.30625
1727.5,-0.003125
1730.0,-0.003125
1732.5,0.00625
1735.0,0.00625
1737.5,-0.00625
1740.0,-0.00625
1742.5,0.00625
1745.0,0.003125
1747.5,-0.00625
1750.0,-0.003125
1752.5,0.303125
1755.0,0.296875
1757.5,0.30625
1760.0,0.296875
1762.5,0.30625
1765.0,0.296875
1767.5,0.30625
1770.0,0.30625
1772.5,0.296875
1775.0,0.30625
1777.5,-0.003125
1780.0,0.00625
1782.5,-0.003125
1785.0,-0.003125
1787.5,0.003125
1790.0,-0.003125
1792.5,0.00625
1795.0,0.003125
1797.5,-0.00625
1800.0,-0.003125
1802.5,0.303125
1805.0,0.296875
1807.5,0.30625
1810.0,0.296875
1812.5,0.30625
1815.0,0.30625
1817.5,0.296875
1820.0,0.30625
1822.5,0.296875
1825.0,0.30625
1827.5,-0.003125
1830.0,0.00625
1832.5,-0.003125
1835.0,0.003125
1837.5,-0.003125
1840.0,-0.003125
1842.5,0.003125
1845.0,0.003125
1847.5,-0.00625
1850.0,-0.00625
1852.5,0.303125
1855.0,0.296875
1857.5,0.30625
1860.0,0.296875
1862.5,0.30625
1865.0,0.30625
1867.5,0.296875
1870.0,0.30625
1872.5,0.296875
1875.0,0.30625
1877.5,-0.003125
1880.0,-0.003125
1882.5,0.00625
1885.0,-0.003125
1887.5,0.003125
1890.0,0.003125
1892.5,-0.003125
1895.0,-0.00625
1897.5,0.00625
1900.0,-0.00625
1902.5,0.303125
1905.0,0.296875
1907.5,0.30625
1910.0,0.296875
1912.5,0.30625
1915.0,0.30625
1917.5,0.296875
1920.0,0.30625
1922.5,0.296875
1925.0,0.30625
1927.5,-0.003125
1930.0,0.00625
1932.5,-0.003125
1935.0,-0.003125
1937.5,0.00625
1940.0,0.003125
1942.5,-0.003125
1945.0,0.00625
1947.5,-0.00625
1950.0,-0.00625
1952.5,0.303125
1955.0,0.296875
1957.5,0.30625
1960.0,0.30625
1962.5,0.296875
1965.0,0.30625
1967.5,0.296875
1970.0,0.30625
1972.5,0.296875
1975.0,0.309375
1977.5,-0.003125
1980.0,0.00625
1982.5,-0.003125
1985.0,-0.003125
1987.5,0.00625
1990.0,-0.003125
1992.5,0.00625
1995.0,0.003125
1997.5,-0.00625
2000.0,-0.00625
2002.5,0.30625
2005.0,0.296875
2007.5,0.30625
2010.0,0.296875
2012.5,0.30625
2015.0,0.30625
2017.5,0.296875
2020.0,0.30625
2022.5,0.296875
2025.0,0.30625
2027.5,-0.003125
2030.0,-0.003125
2032.5,0.00625
2035.0,-0.003125
2037.5,0.00625
2040.0,-0.003125
2042.5,0.00625
2045.0,-0.003125
2047.5,0.00625
2050.0,-0.00625
2052.5,0.30625
2055.0,0.296875
2057.5,0.30625
2060.0,0.296875
2062.5,0.30625
2065.0,0.30625
2067.5,0.296875
2070.0,0.30625
2072.5,0.296875
2075.0,0.30625
2077.5,-0.003125
2080.0,-0.003125
2082.5,0.00625
2085.0,-0.003125
2087.5,0.00625
2090.0,0.003125
2092.5,-0.00625
2095.0,-0.00625
2097.5,0.00625
2100.0,-0.003125
2102.5,0.303125
2105.0,0.296875
2107.5,0.30625
2110.0,0.296875
2112.5,0.30625
2115.0,0.30625
2117.5,0.296875
2120.0,0.30625
2122.5,0.296875
2125.0,0.30625
2127.5,-0.003125
2130.0,0.00625
2132.5,-0.003125
2135.0,-0.003125
2137.5,0.00625
2140.0,-0.003125
2142.5,0.00625
2145.0,0.003125
2147.5,-0.003125
2150.0,-0.00625
2152.5,0.303125
2155.0,0.296875
2157.5,0.30625
2160.0,0.296875
2162.5,0.30625
2165.0,0.30625
2167.5,0.296875
2170.0,0.296875
2172.5,0.30625
2175.0,0.30625
2177.5,-0.003125
2180.0,0.00625
2182.5,-0.003125
2185.0,-0.003125
2187.5,0.00625
2190.0,0.003125
2192.5,-0.00625
2195.0,-0.003125
2197.5,0.003125
2200.0,-0.003125
2202.5,0.30625
2205.0,0.296875
2207.5,0.30625
2210.0,0.30625
2212.5,0.296875
2215.0,0.30625
2217.5,0.296875
2220.0,0.30625
2222.5,0.296875
2225.0,0.30625
2227.5,-0.003125
2230.0,-0.003125
2232.5,0.00625
2235.0,0.003125
2237.5,-0.003125
2240.0,0.003125
2242.5,-0.003125
2245.0,0.003125
2247.5,-0.00625
2250.0,-0.003125
2252.5,0.303125
2255.0,0.296875
2257.5,0.30625
2260.0,0.296875
2262.5,0.30625
2265.0,0.30625
2267.5,0.296875
2270.0,0.30625
2272.5,0.296875
2275.0,0.30625
2277.5,-0.003125
2280.0,-0.003125
2282.5,0.00625
2285.0,-0.003125
2287.5,0.00625
2290.0,-0.003125
2292.5,0.00625
2295.0,-0.003125
2297.5,0.00625
2300.0,-0.003125
2302.5,0.30625
2305.0,0.30625
2307.5,0.296875
2310.0,0.30625
2312.5,0.296875
2315.0,0.30625
2317.5,0.296875
2320.0,0.296875
2322.5,0.30625
2325.0,0.30625
2327.5,-0.003125
2330.0,-0.003125
2332.5,0.00625
2335.0,-0.003125
2337.5,0.00625
2340.0,-0.003125
2342.5,0.00625
2345.0,-0.003125
2347.5,0.00625
2350.0,-0.003125
2352.5,0.30625
2355.0,0.296875
2357.5,0.30625
2360.0,0.30625
2362.5,0.296875
2365.0,0.30625
2367.5,0.296875
2370.0,0.30625
2372.5,0.296875
2375.0,0.30625
2377.5,-0.003125
2380.0,-0.003125
2382.5,0.00625
2385.0,-0.003125
2387.5,0.00625
2390.0,-0.003125
2392.5,0.00625
2395.0,-0.003125
2397.5,0.003125
2400.0,-0.003125
2402.5,0.303125
2405.0,0.296875
2407.5,0.30625
2410.0,0.30625
2412.5,0.296875
2415.0,0.30625
2417.5,0.296875
2420.0,0.30625
2422.5,0.296875
2425.0,0.30625
2427.5,-0.003125
2430.0,0.00625
2432.5,-0.003125
2435.0,-0.003125
2437.5,0.00625
2440.0,0.00625
2442.5,-0.00625
2445.0,-0.00625
2447.5,0.003125
2450.0,-0.00625
2452.5,0.303125
2455.0,0.296875
2457.5,0.30625
2460.0,0.296875
2462.5,0.30625
2465.0,0.30625
2467.5,0.296875
2470.0,0.30625
2472.5,0.296875
2475.0,0.30625
2477.5,-0.003125
2480.0,-0.003125
2482.5,0.00625
2485.0,-0.003125
2487.5,0.00625
2490.0,0.003125
2492.5,-0.00625
2495.0,0.003125
2497.5,-0.003125
2500.0,-0.00625
2502.5,0.303125
2505.0,0.296875
2507.5,0.30625
2510.0,0.296875
2512.5,0.30625
2515.0,0.30625
2517.5,0.296875
2520.0,0.30625
2522.5,0.296875
2525.0,0.30625
2527.5,-0.003125
2530.0,0.00625
2532.5,-0.003125
2535.0,-0.003125
2537.5,0.00625
2540.0,0.003125
2542.5,-0.00625
2545.0,-0.003125
2547.5,0.00625
2550.0,-0.003125
2552.5,0.303125
2555.0,0.296875
2557.5,0.30625
2560.0,0.30625
2562.5,0.296875
2565.0,0.30625
2567.5,0.296875
2570.0,0.30625
2572.5,0.296875
2575.0,0.30625
2577.5,-0.003125
2580.0,-0.003125
2582.5,0.00625
2585.0,-0.003125
2587.5,0.00625
2590.0,-0.00625
2592.5,0.00625
2595.0,0.003125
2597.5,-0.00625
2600.0,-0.00625
2602.5,0.303125
2605.0,0.296875
2607.5,0.30625
2610.0,0.30625
2612.5,0.296875
2615.0,0.30625
2617.5,0.296875
2620.0,0.30625
2622.5,0.296875
2625.0,0.30625
2627.5,-0.003125
2630.0,-0.003125
2632.5,0.00625
2635.0,0.003125
2637.5,-0.003125
2640.0,-0.003125
2642.5,0.00625
2645.0,0.003125
2647.5,-0.003125
2650.0,-0.00625
2652.5,0.303125
2655.0,0.296875
2657.5,0.30625
2660.0,0.296875
2662.5,0.30625
2665.0,0.30625
2667.5,0.296875
2670.0,0.30625
2672.5,0.296875
2675.0,0.30625
2677.5,-0.003125
2680.0,0.00625
2682.5,-0.003125
2685.0,-0.003125
2687.5,0.00625
2690.0,-0.003125
2692.5,0.00625
2695.0,0.003125
2697.5,-0.003125
2700.0,-0.00625
2702.5,0.30625
2705.0,0.296875
2707.5,0.30625
2710.0,0.296875
2712.5,0.30625
2715.0,0.296875
2717.5,0.30625
2720.0,0.30625
2722.5,0.296875
2725.0,0.30625
2727.5,0.0
2730.0,0.00625
2732.5,-0.003125
2735.0,0.00625
2737.5,-0.003125
2740.0,-0.003125
2742.5,0.003125
2745.0,0.003125
2747.5,-0.003125
2750.0,-0.003125
2752.5,0.303125
2755.0,0.296875
2757.5,0.30625
2760.0,0.30625
2762.5,0.296875
2765.0,0.30625
2767.5,0.296875
2770.0,0.296875
2772.5,0.309375
2775.0,0.30625
2777.5,-0.003125
2780.0,0.00625
2782.5,-0.003125
2785.0,-0.003125
2787.5,0.00625
2790.0,0.003125
2792.5,-0.003125
2795.0,-0.003125
2797.5,0.00625
2800.0,-0.003125
2802.5,0.303125
2805.0,0.296875
2807.5,0.30625
2810.0,0.296875
2812.5,0.30625
2815.0,0.30625
2817.5,0.296875
2820.0,0.30625
2822.5,0.296875
2825.0,0.30625
2827.5,-0.003125
2830.0,-0.003125
2832.5,0.00625
2835.0,-0.003125
2837.5,0.00625
2840.0,-0.003125
2842.5,0.00625
2845.0,0.003125
2847.5,-0.003125
2850.0,-0.003125
2852.5,0.30625
2855.0,0.296875
2857.5,0.30625
2860.0,0.296875
2862.5,0.30625
2865.0,0.30625
2867.5,0.296875
2870.0,0.30625
2872.5,0.296875
2875.0,0.30625
2877.5,-0.003125
2880.0,-0.003125
2882.5,0.00625
2885.0,-0.003125
2887.5,0.00625
2890.0,-0.003125
2892.5,0.00625
2895.0,-0.003125
2897.5,0.003125
2900.0,-0.003125
2902.5,0.30625
2905.0,0.296875
2907.5,0.30625
2910.0,0.296875
2912.5,0.30625
2915.0,0.30625
2917.5,0.296875
2920.0,0.30625
2922.5,0.296875
2925.0,0.30625
2927.5,-0.003125
2930.0,-0.003125
2932.5,0.00625
2935.0,-0.003125
2937.5,0.00625
2940.0,0.003125
2942.5,-0.00625
2945.0,0.003125
2947.5,-0.00625
2950.0,-0.003125
2952.5,0.303125
2955.0,0.296875
2957.5,0.30625
2960.0,0.30625
2962.5,0.296875
2965.0,0.296875
2967.5,0.30625
2970.0,0.30625
2972.5,0.296875
2975.0,0.30625
2977.5,-0.003125
2980.0,-0.003125
2982.5,0.00625
2985.0,-0.003125
2987.5,0.00625
2990.0,-0.003125
2992.5,0.003125
2995.0,0.003125
2997.5,-0.00625
3000.0,-0.003125
3002.5,0.303125
3005.0,0.296875
3007.5,0.30625
3010.0,0.296875
3012.5,0.30625
3015.0,0.30625
3017.5,0.296875
3020.0,0.30625
3022.5,0.296875
3025.0,0.30625
3027.5,-0.003125
3030.0,0.00625
3032.5,-0.003125
3035.0,0.003125
3037.5,-0.003125
3040.0,-0.003125
3042.5,0.00625
3045.0,0.003125
3047.5,-0.00625
3050.0,-0.00625
3052.5,0.30625
3055.0,0.296875
3057.5,0.30625
3060.0,0.296875
3062.5,0.30625
3065.0,0.30625
3067.5,0.296875
3070.0,0.30625
3072.5,0.296875
3075.0,0.30625
3077.5,-0.003125
3080.0,-0.003125
3082.5,0.00625
3085.0,0.00625
3087.5,-0.00625
3090.0,-0.003125
3092.5,0.003125
3095.0,0.003125
3097.5,-0.003125
3100.0,-0.00625
3102.5,0.30625
3105.0,0.296875
3107.5,0.30625
3110.0,0.296875
3112.5,0.30625
3115.0,0.30625
3117.5,0.296875
3120.0,0.30625
3122.5,0.296875
3125.0,0.30625
3127.5,-0.003125
3130.0,-0.003125
3132.5,0.00625
3135.0,-0.003125
3137.5,0.00625
3140.0,-0.003125
3142.5,0.003125
3145.0,-0.003125
3147.5,0.003125
3150.0,-0.00625
3152.5,0.30625
3155.0,0.296875
3157.5,0.30625
3160.0,0.296875
3162.5,0.30625
3165.0,0.30625
3167.5,0.296875
3170.0,0.30625
3172.5,0.296875
3175.0,0.30625
3177.5,-0.003125
3180.0,0.00625
3182.5,-0.003125
3185.0,-0.003125
3187.5,0.00625
3190.0,-0.003125
3192.5,0.00625
3195.0,0.003125
3197.5,-0.00625
3200.0,-0.00625
3202.5,0.303125
3205.0,0.296875
3207.5,0.30625
3210.0,0.30625
3212.5,0.296875
3215.0,0.30625
3217.5,0.296875
3220.0,0.30625
3222.5,0.296875
3225.0,0.30625
3227.5,0.0
3230.0,-0.003125
3232.5,0.00625
3235.0,-0.003125
3237.5,0.00625
3240.0,0.003125
3242.5,-0.003125
3245.0,0.003125
3247.5,-0.003125
3250.0,-0.00625
3252.5,0.30625
3255.0,0.296875
3257.5,0.30625
3260.0,0.296875
3262.5,0.30625
3265.0,0.30625
3267.5,0.296875
3270.0,0.30625
3272.5,0.296875
3275.0,0.30625
3277.5,-0.003125
3280.0,-0.003125
3282.5,0.00625
3285.0,0.003125
3287.5,-0.003125
3290.0,0.00625
3292.5,-0.00625
3295.0,-0.003125
3297.5,0.00625
3300.0,-0.003125
3302.5,0.303125
3305.0,0.296875
3307.5,0.30625
3310.0,0.296875
3312.5,0.30625
3315.0,0.30625
3317.5,0.296875
3320.0,0.30625
3322.5,0.296875
3325.0,0.30625
3327.5,-0.003125
3330.0,-0.003125
3332.5,0.00625
3335.0,-0.003125
3337.5,0.00625
3340.0,-0.003125
3342.5,0.003125
3345.0,0.003125
3347.5,-0.00625
3350.0,-0.00625
3352.5,0.303125
3355.0,0.296875
3357.5,0.30625
3360.0,0.30625
3362.5,0.296875
3365.0,0.30625
3367.5,0.296875
3370.0,0.30625
3372.5,0.296875
3375.0,0.30625
3377.5,-0.003125
3380.0,-0.003125
3382.5,0.00625
3385.0,-0.003125
3387.5,0.00625
3390.0,0.00625
3392.5,-0.00625
3395.0,-0.003125
3397.5,0.00625
3400.0,-0.003125
3402.5,0.303125
3405.0,0.296875
3407.5,0.30625
3410.0,0.30625
3412.5,0.296875
3415.0,0.296875
3417.5,0.30625
3420.0,0.30625
3422.5,0.296875
3425.0,0.30625
3427.5,-0.003125
3430.0,-0.003125
3432.5,0.00625
3435.0,-0.003125
3437.5,0.00625
3440.0,0.00625
3442.5,-0.00625
3445.0,-0.00625
3447.5,0.00625
3450.0,-0.003125
3452.5,0.303125
3455.0,0.296875
3457.5,0.30625
3460.0,0.30625
3462.5,0.296875
3465.0,0.30625
3467.5,0.296875
3470.0,0.30625
3472.5,0.296875
3475.0,0.30625
3477.5,-0.003125
3480.0,-0.003125
3482.5,0.00625
3485.0,-0.003125
3487.5,0.00625
3490.0,0.003125
3492.5,-0.00625
3495.0,-0.003125
3497.5,0.003125
